,pył zawieszony PM10,pył zawieszony PM2.5,dwutlenek azotu,temperature_2m,relative_humidity_2m,wind_speed_10m,wind_direction_10m,pressure_msl,precipitation
pył zawieszony PM10,1.0,0.9062302662539037,0.5348202929521487,-0.26391282509396535,0.07148317709869972,-0.24425508072572785,-0.2050013202482278,0.2061622647077253,-0.08453974765654555
pył zawieszony PM2.5,0.9062302662539037,1.0,0.48503750269196844,-0.4355561748584634,0.2348797972460971,-0.2590152871719461,-0.21356438824426244,0.21978796742533074,-0.06959182721783523
dwutlenek azotu,0.5348202929521487,0.48503750269196844,1.0,-0.29759630427846534,0.24871126937141966,-0.31216615189974484,-0.12415829356343007,0.13134856875286383,-0.07190833808610196
temperature_2m,-0.26391282509396535,-0.4355561748584634,-0.29759630427846534,1.0,-0.47656041856591946,-0.07611749211823836,-0.020611965878670306,-0.18593104047075,0.03964352173970378
relative_humidity_2m,0.07148317709869972,0.2348797972460971,0.24871126937141966,-0.47656041856591946,1.0,-0.16735406540478048,0.08402283129614269,-0.03818371687796247,0.16845531897093913
wind_speed_10m,-0.24425508072572785,-0.2590152871719461,-0.31216615189974484,-0.07611749211823836,-0.16735406540478048,1.0,0.2425023042255559,-0.23146859511091492,0.09053227635590652
wind_direction_10m,-0.2050013202482278,-0.21356438824426244,-0.12415829356343007,-0.020611965878670306,0.08402283129614269,0.2425023042255559,1.0,-0.05050137560465822,0.06962607682770189
pressure_msl,0.2061622647077253,0.21978796742533074,0.13134856875286383,-0.18593104047075,-0.03818371687796247,-0.23146859511091492,-0.05050137560465822,1.0,-0.1580783889656435
precipitation,-0.08453974765654555,-0.06959182721783523,-0.07190833808610196,0.03964352173970378,0.16845531897093913,0.09053227635590652,0.06962607682770189,-0.1580783889656435,1.0
